日付,銘柄コード,銘柄名,戦略(A/B/C),売買区分(買/売),エントリー価格,株数,ポジションサイズ(万円),レバレッジ,エントリー理由,損切りライン,利確目標1,利確目標2,決済日,決済価格,決済理由,損益額(円),損益率(%),保有日数,勝敗(○/×),反省・メモ,感情メモ(冷静/焦り/欲張り等),シーズン累計損益(円),シーズン累計損益率(%)
,,,,,,,,,,,,,,,,,,,,,,,,
例: 2026/11/05,1234,サンプル株式会社,A(決算前),買,1500,300,45,2倍,進捗率62%(5年平均52%を+10pt上回る)。信用倍率0.8。四季報予想>会社予想。,1425(-5%),1725(+15%),1800(+20%),2026/11/10,1710,決算前日の大引けで利確(ルール通り),63000,+14.0%,5,○,進捗率分析が有効だった。テクニカルも買いシグナルで一致。,冷静,63000,+6.3%

=== トレード日誌の記録ルール ===
1. エントリー前に必ず「エントリー理由」「損切りライン」「利確目標」を記入する
2. 決済後に「決済理由」「反省メモ」「感情メモ」を必ず記入する
3. 損切りラインを変更した場合は「備考」に理由を残す
4. シーズン累計を毎トレード後に更新する
5. 3連敗した場合は2日間の休止期間を設ける（日誌にも記録）

=== 週次レビュー項目 ===
今週のトレード数:
勝ち数:
負け数:
勝率:
最大利益トレード:
最大損失トレード:
平均利益:
平均損失:
リスクリワード比:
改善点:
来週の戦略:

=== シーズン総括 ===
シーズン開始資金:
シーズン終了資金:
シーズン損益:
シーズン利回り:
総トレード数:
勝ち数:
負け数:
勝率:
最大ドローダウン:
最も利益が出た戦略:
最も損失が出た戦略:
次シーズンへの改善点:
