銘柄コード,銘柄名,戦略,決算発表日,決算区分,時価総額(億円),セクター,テーマ性,PER(倍),PBR(倍),ROE(%),配当利回り(%),信用倍率,売上高進捗率(%),営業利益進捗率(%),過去5年平均進捗率(%),進捗率乖離(pt),四季報予想vs会社予想,コンセンサスvs会社予想,25日移動平均との位置,75日移動平均との位置,52週高値からの乖離(%),直近1ヶ月騰落率(%),平均売買代金(億円),出来高倍率(vs20日平均),エントリー価格,損切り価格,損切り率(%),利確目標1,利確目標2,ポジションサイズ(万円),レバレッジ,総合スコア(10点),エントリー判定,備考
,,,,,,,,,,,,,,,,,,,,,,,,,,,,,,,,,,
例: 1234,サンプル株式会社,A(決算前モメンタム),2026/11/10,2Q,500,情報通信,AI関連,15.2,1.8,12.5,2.1,0.8,58,62,52,+10,四季報が上,コンセンサス≒会社,上,上,-15,-3,5.2,1.0,1500,1425,-5.0,1725,1800,40,2倍,8,○ エントリー可,進捗率が良好+信用売り長

=== スクリーニング条件（戦略A: 決算前モメンタム）===
条件1: 時価総額 100億〜2000億円
条件2: 営業利益進捗率が過去5年平均を+5pt以上上回る
条件3: 四季報予想 > 会社予想
条件4: 25日移動平均線の上
条件5: 52週高値から-10%以上下
条件6: 平均売買代金 1億円以上
条件7: 信用倍率 3倍以下
条件8: PER セクター平均以下

=== スクリーニング条件（戦略B: 決算またぎ）===
条件1: 時価総額 100億〜2000億円
条件2: 営業利益進捗率が過去5年平均を+10pt以上上回る
条件3: 前年同期比+20%以上の営業利益成長
条件4: 信用倍率 1.5倍以下
条件5: コンセンサス ≒ 会社予想（上方修正未織込み）
条件6: 直近1ヶ月の株価上昇率 +10%以内
条件7: 25日・75日移動平均線の上
条件8: テーマ性あり

=== スクリーニング条件（戦略C: 決算後ドリフト/PEAD）===
条件1: サプライズ度（コンセンサス比）+15%以上
条件2: 上方修正発表あり
条件3: 時価総額 100億〜2000億円
条件4: 発表翌日の出来高 ≧ 直近20日平均の3倍
条件5: 来期ガイダンス ポジティブ or 据置き
条件6: 発表翌日に陽線
条件7: 増配 or 自社株買い（ボーナス）

=== 総合スコアの採点基準（10点満点）===
進捗率乖離+5pt以上: +2点
四季報>会社予想: +1点
信用倍率1倍以下: +2点
テーマ性あり: +1点
PER割安: +1点
25日MA上: +1点
出来高十分: +1点
過去に同時期上方修正実績: +1点
8点以上: ○ エントリー可
6-7点: △ 条件付きエントリー
5点以下: × 見送り
